{
  "best_epoch": 0,
  "peak_worker_0_memory_MB": 2030.55078125,
  "training_duration": "0:05:27.806783",
  "epoch": 0,
  "training_accuracy_emo": 0.14757228808199407,
  "training_accuracy_act": 0.1277123234354475,
  "training_accuracy_topic": 0.4429793300071276,
  "training_accuracy_phq": 0.04473684210526316,
  "training_f1_emo": 0.2019643485546112,
  "training_f1_phq": 0.41453486680984497,
  "training_f1_act": 0.5451297163963318,
  "training_f1_topic": 0.1703089326620102,
  "training_loss": 2.892323436560454,
  "training_worker_0_memory_MB": 2030.55078125,
  "validation_accuracy_emo": 0.3192152724481965,
  "validation_accuracy_act": 0.2854950115118956,
  "validation_accuracy_topic": 0.5724206349206349,
  "validation_accuracy_phq": 0.5348837209302325,
  "validation_f1_emo": 0.20565371215343475,
  "validation_f1_phq": 0.41053512692451477,
  "validation_f1_act": 0.552115797996521,
  "validation_f1_topic": 0.17889094352722168,
  "validation_loss": NaN,
  "best_validation_accuracy_emo": 0.3192152724481965,
  "best_validation_accuracy_act": 0.2854950115118956,
  "best_validation_accuracy_topic": 0.5724206349206349,
  "best_validation_accuracy_phq": 0.5348837209302325,
  "best_validation_f1_emo": 0.20565371215343475,
  "best_validation_f1_phq": 0.41053512692451477,
  "best_validation_f1_act": 0.552115797996521,
  "best_validation_f1_topic": 0.17889094352722168,
  "best_validation_loss": NaN
}